id,description
1,1 Gang Flush Mounting Box
2,1 Gang Mounting Box
3,1 Gang Smart Curtain Switch Module(TY cloud)(Smoky Gr ey)
4,1 Gang Smart No-neutral Switch Module
5,1 Gang Telephone Outlet
6,1 Tombol Saklar Modul Smar t Non-netral(Smoky Grey)
7,120 Twin Floor Socket (alumi nium alloy(cid:0)
8,13A Plug
9,145 Floor Socket (aluminium alloy(cid:0)
10,16A Sakelar Kartu Akses RFI D
11,16A Sakelar Kartu Akses RFI D (Natural Champagne)
12,16A Sakelar Kartu Akses RFI D(Metal Black)
13,2 Gang 1 Way Switch (Metal) (Frosted Silver)
14,2 Gang Frame(Natural Cham pagne)
15,2 Gang(Metal Black)
16,2 Tombol Saklar Modul Smar t Non-netral(Smoky Grey)
17,2 Wires (L-N) Track-1 meter-BK
18,2 Wires (L-N) Track-2 meters-BK
19,3 Gang Frame(Natural Cham pagne)
20,3 Gang Smart No-neutral Switch
21,3 Gang Smart Scene Switch Module(TY cloud)(61-Smoky Grey)
22,3 Tombol Saklar Modul Smar t Non-netral(Smoky Grey)
23,4 Gang Sakelar Skenario Zig bee
24,4 Gang Sakelar Skenario Zig bee(Matt Champagne)
25,6 Gang Sakelar Skenario Zig bee
26,6 Gang Sakelar Skenario Zig bee(Matt Champagne)
27,65E-Distribution box-recessed-12modules
28,65E-Distribution box-recessed-4modules
29,65E-Distribution box-recessed-8modules
30,70-120V Tuning Switch 3 Wiring s(Smoky Grey)
31,86 Type Surface Mounting B ox
32,8mm end connector-single wiring
33,8mm middle connector
34,arah Dengan Indicator LED
35,Bingkai Sakelar 1
36,Bingkai Sakelar 1 (Matt Cha mpagne)
37,Bingkai Sakelar 1 (Smoky Gr ey)
38,Bingkai Sakelar 2
39,Bingkai Sakelar 2 (Platinum Grey)
40,Bingkai Sakelar 2 (Smoky Gr ey)
41,Bingkai Sakelar 3
42,Bingkai Sakelar 3 (Graphite Black)
43,Bingkai Sakelar 3 (Smoky Gr ey)
44,Bingkai Sakelar 4
45,Bingkai Sakelar 4 (Matt Cha mpagne)
46,Bingkai Sakelar 4 (Platinum Grey)
47,Bingkai Sakelar 4 (Smoky Gr ey)
48,Bingkai Sakelar 5
49,Bingkai Sakelar 5 (Platinum Grey)
50,Bingkai Sakelar 5 (Smoky Gr ey)
51,Bingkai saklar 1-warna putih
52,Bingkai saklar 1-warna Putih(Coffee Black)
53,Bingkai saklar 1-warna putih(Smoky Grey)
54,Bingkai Saklar 2 (Vertikal)
55,Bingkai Saklar 2-warna champagne
56,Bingkai Saklar 2-warna Putih
57,Bingkai Saklar 2-warna Putih(Graphite Black)
58,Bingkai Saklar 2-warna Putih(Matt Champagn e)
59,Bingkai Saklar 2-warna Putih(Smoky Grey)
60,Bingkai Saklar 3 (Vertikal)
61,Bingkai Saklar 3-warna champagne
62,Bingkai Saklar 3-warna Putih
63,Bingkai saklar 3-warna putih
64,Bingkai Saklar 3-warna Putih(Graphite Black)
65,Bingkai saklar 3-warna putih(Smoky Grey)
66,Bingkai Saklar 4 (Vertikal)
67,Bingkai Saklar 4-warna champagne
68,Bingkai Saklar 4-Warna Putih
69,Bingkai Saklar 4-warna Putih
70,Bingkai Saklar 4-warna Putih(Graphite Black)
71,Bingkai Saklar 4-Warna Putih(Matt Champagn e)
72,Bingkai Saklar 4-warna Putih(Smoky Grey)
73,Bingkai Saklar 5 (Vertikal)
74,Bingkai Saklar 5-warna Putih
75,Bingkai saklar 5-warna putih
76,Bingkai Saklar 5-warna Putih(Graphite Black)
77,Bingkai saklar 5-warna putih(Smoky Grey)
78,Bingkai Saklar champagne
79,Bingkai Untuk 1-tombol
80,Bingkai untuk 1-tombol
81,Bingkai Untuk 1-tombol (Graphite Black)
82,Bingkai untuk 1-tombol (Graphite Black)
83,Bingkai untuk 1-tombol (Matt Champagne)
84,blank plate(26-Graphite Black)
85,CH16 HV Strip 9W/M-50M 2835-120L 10mm 3000K
86,CH16 Strip Accessory Kit(Wit h EU plug)
87,CLL16 LED linear light 26W6 500K
88,CP20 LED Spotlight 5W3000 KRa80
89,CP20 LED Spotlight 5W4000 KRa80
90,CP20 LED Spotlight 7W3000 KRa80
91,CP20 LED Spotlight 7W4000 KRa80
92,CP36S BK Max15W360mAR7 5Ra90 3000K24D NoDriver
93,CP36S LED Spotlight BK 12W R75 3000K36D Ra90
94,CP36S LED Spotlight BK 7W R55 3000K36D Ra90
95,CP36S LED Spotlight BK 7W R55 4000K36D Ra90
96,CP36S LED Spotlight SR 12W R75 3000K24D Ra90
97,CP36S LED Spotlight SR 12W R75 3000K36D Ra90
98,CP36S LED Spotlight SR 24W R100 3000K24D Ra90
99,Deteksi Asap Alarm Pintar
100,Deteksi Gas Mudah Terbakar Pintar
101,Docking AC gateway mini (V RF)
102,Docking AC gateway(VRF)
103,Doorbell push button
104,Duro KC1 black 30D anti-glare frame
105,Duro KC1 double flat grid fra me
106,Duro KC1 ivory 10D anti-glare frame
107,Duro KC1 ivory 10D anti-glare square frame
108,Duro KC1 ivory 30D anti-glare frame
109,Duro KC1 oval frame
110,Duro KC1 round embedded frame
111,Duro KC1 single flat grid fra me
112,Duro KC1 triple flat grid fram e
113,Duro LED Panel light 36W 65 00K 300*1200
114,Duro LED Panel light 36W 65 00K 595*595
115,Duro LED-KC1 Module 12W3000K24D
116,Duro LED-KC1 Module 12W3000K36D
117,Duro LED-KC1 Module 12W4000K24D
118,Duro LED-KC1 Module 12W4000K36D
119,Duro LED-KC1 Module 15W4000K36D
120,Duro LED-KC1 Module 5W3000K24D
121,Duro LED-KC1 Module 5W4000K15D
122,Duro LED-KC1 Module 7W3000K15D
123,Duro LED-KC1 Module 7W3000K36D
124,Duro LED-KC1 Module 7W3000K60D
125,Duro LED-KC1 Module 7W4000K36D
126,Duro LED-KC1 Module 7W4000K60D
127,Duro LED-KC1 Module 9W3000K24D
128,Duro LED-KC1 Module 9W3000K36D
129,Duro LED-KC1 Module 9W4000K24D
130,Duro LED-KC1 Module 9W4000K36D
131,Duro LED-KC1 Module TRIAC 12W3000 K24D
132,Duro LED-KC1 Module TRIAC 12W3000 K36D
133,Duro LED-KC1 Module TRIAC 12W4000 K24D
134,Duro LED-KC1 Module TRIAC 12W4000 K36D
135,Duro LED-KC1 Module TRIAC 15W4000 K24D
136,Duro LED-KC1 Module TRIAC 7W3000K 24D
137,Duro LED-KC1 Module TRIAC 9W3000K 24D
138,Duro LED-KC1 Module TRIAC 9W3000K 36D
139,Duro LED-KC1 Module TRIAC 9W4000K 24D
140,Duro LED-KC1 Module TRIAC 9W4000K 36D
141,EV1 120W24V constant volta ge power supply
142,EV1 150W24V constant volta ge power supply
143,EV1 200W24V constant volta ge power supply IP67
144,EV1 300W24V constant volta ge power supply IP67
145,EV1 30W24V constant voltag e power supply
146,EV1 60W24V constant voltag e power supply
147,FL20 LED floodlight 100W65 00K
148,FL20 LED floodlight 10W400 0K
149,FL20 LED floodlight 200W30 00K
150,FL20 LED floodlight 200W65 00K
151,FL20 LED floodlight 20W650 0K
152,FL20 LED floodlight 300W30 00K
153,FL20 LED floodlight 300W65 00K
154,FL20 LED floodlight 30W300 0K
155,FL20 LED floodlight 30W400 0K
156,FL20 LED floodlight 50W300 0K
157,FL20 LED floodlight 50W650 0K
158,FL30 LED floodlight 100W65 00K
159,FL30 LED floodlight 30W650 0K
160,FL30 LED floodlight 50W650 0K
161,Floor Socket 13A BS & USB S ocket
162,Floor Socket Twin Euro-US Socket
163,Floor Socket Twin Universal Socket
164,Floor Socket with 2 Data Soc ket Cat.6
165,Floor Socket with HDMI & D ata (Cat.6) Socket
166,Floor Socket with Multi-Standard & 2-pin Socket
167,Floor Socket with Schuko
168,Floor Socket with Schuko Mo dule
169,HB30 LED Highbay 100W 65 00K 90D
170,HB32 LED Highbay 80W/120 W/150W 4000K/5000K/6500 K
171,Homepad Pro 10inch with Zi gBee&BLE Gateway
172,Inbow Dus
173,Inbowdus
174,KC1 shining black anti-glare metal frame
175,Kotak Pemasangan Inbow
176,Lampu Sensor Kaki 3000k
177,LED DriverCC 360mA30-42VDC/220-240V on-off HPF
178,LED DriverCC 700mA30-42VDC/220-240V Triac HPF
179,LED DriverCV 24V150W on-off
180,LED Emergency bulb A67 12 W6800K
181,LED Emergency bulb A67 7W 6800K
182,LED Emergency HPB Bulb T1 00 18W6500K
183,LED MR16 glass HV 7W 6500 K
184,LED T8 18W 6500K DE INDO
185,LED T8 HE 18W 6500K SE
186,LED(cid:0)(cid:0)(cid:0)(cid:0)(cid:0)(cid:0)(cid:0)(cid:0)(cid:0)(cid:0)(cid:0) (cid:0)(cid:0)1.2(cid:0)T8(cid:0)(cid:0) @1x1.2m T8 LED tube batte n fixture without shield
187,Linear Connector(L-N)-BK
188,LT30 24V constant voltage D river100W BK
189,LT30 I shape Power connect or BK Surface
190,LT30 L corner acc_Horizontal BK Surface
191,LT30 L corner acc_Vertical B K Surface
192,LT30 Surface Mount Track 0. 5meter BK
193,LT30 Surface Mount Track 1. 5meter BK
194,Modul Pengatur Suhu AC Pin tar
195,Modul Pengatur Suhu AC Pin tar(Graphite Black)
196,"Modul Pengatur Suhu Panas Lantai dan AC Terpusat (Sim on Smart, Modbus)(Diamond Grey)"
197,Modul Peredup Pintar Tunabl e CCT
198,Modul TV dan Stop Kontak D ata
199,Modul TV Dan Stop Kontak D ata(Graphite Black)
200,Modul TV dan Stop Kontak D ata(Smoky Grey)
201,Modul TV dan Stop Kontak Data Cat.6
202,Motion Sensor LED Bulb 6W 6500K
203,MT36 48V Adjust GridSpotlig ht12W4000K24D BK
204,MT36 48V Track Grid Spotlig ht12W4000K24D BK
205,MT36 48V Track Linear Light 12W4000K BK
206,MT36 48V Track Linear Light 7W3000K BK
207,MT36 48V Track Pendant9W 4000K24D BK
208,MT36 corner Power connecto r BK
209,MT36 I shape Power connect or BK
210,MT36 L corner acc_Horizonta l BK
211,MT36 LED 48V Track Spotlig ht10W3000K24D BK
212,MT36 LED 48V Track Spotlig ht10W4000K24D BK
213,MT36 Power connector 0.2m eter BK
214,MT36 Recessed 48V constan t voltage Driver150w
215,MT36 Recessed Magnetic Tr ack 1meterBK
216,MT36 Recessed Magnetic Tr ack 2meterBK
217,Multi-Standard Module
218,Multi-standard Socket with Switch and Type-A+C(Smoky Grey)
219,Multi-standard socket-Round-BK
220,Multi-standard socket-Square-BK
221,Olot LED Highbay G5 100W 6500K 120D
222,Outlet Alat Cukur
223,Outlet Alat Cukur (Graphite Black)
224,Outlet Alat Cukur (Matt Cha mpagne)
225,Outlet Alat Cukur (Metal Blac k)
226,Outlet Alat Cukur (Smoky Gr ey)
227,Outlet cukur
228,Outlet Data
229,Outlet Data (Graphite Black)
230,Outlet Data (Matt Champagn e)
231,Outlet Data (Metal Black)
232,Outlet Data (Metal)
233,Outlet Data (Metal) (Brushed Grey)
234,Outlet Data (Platinum Grey)
235,Outlet Data (Smoky Grey)
236,Outlet Data Cat.6
237,Outlet Data Cat.6 (Graphite Black)
238,Outlet Data Cat.6 (Metal Blac k)
239,Outlet Data Cat.6 (Smoky Gr ey)
240,Outlet Data Cat.6 RJ45
241,Outlet Data Cat.6 RJ45 (Sm oky Grey)
242,Outlet Data Cat.6 RJ45(Grap hite Black)
243,Outlet Kartu Akses Hotel (Sm oky Grey)
244,Outlet Telepon
245,Outlet Telepon & Data
246,Outlet Telepon & Data (GEM)(Diamond Silver)
247,Outlet Telepon & Data (Matt Champagne)
248,Outlet Telepon & Data (Meta l Black)
249,Outlet Telepon & Data Cat. 5 e(Metal Black)
250,Outlet Telepon (Metal Black)
251,Outlet Telepon (Metal) (Brus hed Grey)
252,Outlet Telepon (Platinum Gre y)
253,Outlet Telepon RJ11
254,Outlet Telepon RJ11 (Graphit e Black)
255,Outlet Telepon RJ11 (Matt C hampagne)
256,Outlet Telepon RJ11 (Metal Black)
257,Outlet Telepon RJ11 (Natur al Champagne)
258,Outlet Telepon RJ11 (Smoky Grey)
259,Outlet TV
260,Outlet TV & Data
261,Outlet TV & Data (GEM) (Dia mond Grey)
262,Outlet TV & Data (Matt Cha mpagne)
263,Outlet TV & Data (Metal Blac k)
264,Outlet TV & Data (Platinum Silver)
265,Outlet TV & Data (Smoky Gr ey)
266,Outlet TV (Graphite Black)
267,Outlet TV (Matt Champagne)
268,Outlet TV (Metal Black)
269,Outlet TV (Metal)
270,Outlet TV (Natural Champag ne)
271,Outlet TV (Platinum Grey)
272,Outlet TV (Smoky Grey)
273,Outlet TV Dengan Konektor Tipe F
274,Outlet TV Dengan Konektor Tipe F(Metal Black)
275,Outlet USB dan TypeC
276,Outlet USB-HDMI
277,Outlet USB-HDMI (Matt Champagne)
278,Outlet USB-HDMI (Smoky Grey)
279,Pelat Penutup
280,Pelat Penutup (GEM)(Diamo nd Grey)
281,Pelat Penutup (Smoky Grey)
282,Pelindung Stop Kontak Anti Air
283,Pendeteksi Pintar Banjir
284,Penghubung Perangkat Pinta r
285,Penutup Sakelar Tahan Air
286,Penutup Saklar Anti Air
287,Penutup Stopkontak Anti Air
288,Penutup Stopkontak Anti Air(Graphite Black)
289,Penutup Stopkontak Anti Air(Smoky Grey)
290,Penutup Stopkontak Transpa ran Tahan Air
291,Peredup Lampu (Dimmer)
292,Peredup Lampu (Dimmer) (S moky Grey)
293,Peredup Lampu (Dimmer) 20 0W (Metal Black)
294,Peredup Lampu (Dimmer) 20 0W (Smoky Grey)
295,Plat Penutup
296,Plat Penutup (Matt Champag ne)
297,Plat Penutup (Metal Black)
298,Plat Penutup (Smoky Grey)
299,RD20 LED streetlight 100W 4 000K
300,RD20 LED streetlight 100W 6 500K
301,RD20 LED streetlight 150W 4 000K
302,RD20 LED streetlight 150W 6 500K
303,RD20 LED streetlight 200W 4 000K
304,RD20 LED streetlight 200W 6 500K
305,RD20 LED streetlight 50W 40 00K
306,RD20 LED streetlight 50W 65 00K
307,RD50 LED streetlight 30W 65 00K
308,RD50 LED streetlight 75W 65 00K
309,Recessed with clip installatio n accessory kit
310,Remote key
311,RS22 LED tracklight(2 wires) 10W 3000K 24D BK
312,RS22 LED tracklight(2 wires) 10W 3000K 24D WH
313,RS22 LED tracklight(2 wires) 10W 4000K 24D BK
314,RS22 LED tracklight(2 wires) 10W 4000K 24D WH
315,RS22 LED tracklight(2 wires) 20W 3000K 24D WH
316,RS22 LED tracklight(2 wires) 20W 4000K 24D WH
317,RS22 LED tracklight(2 wires) 30W 3000K 24D BK
318,RS22 LED tracklight(2 wires) 30W 3000K 24D WH
319,RS22 LED tracklight(2 wires) 30W 6500K 24D BK
320,Sakelar 1 Tombol 1 Arah
321,Sakelar 1 Tombol 1 Arah (Gr aphite Black)
322,Sakelar 1 Tombol 1 Arah (Ma tt Champagne)
323,Sakelar 1 Tombol 1 Arah (Me tal Black)
324,Sakelar 1 Tombol 1 Arah (N atural Champagne)
325,Sakelar 1 Tombol 1 Arah (S moky Grey)
326,Sakelar 1 Tombol 1 Arah (Sp ace Grey)
327,Sakelar 1 Tombol 1 Arah (Vi ntage Gold)
328,Sakelar 1 Tombol 1 Arah De ngan Strip
329,Sakelar 1 Tombol 1 Arah De ngan Strip(Matt Champagne)
330,Sakelar 1 Tombol 1 Arah De ngan Strip(Smoky Grey)
331,Sakelar 1 Tombol 2 Arah
332,Sakelar 1 Tombol 2 Arah (Gr aphite Black)
333,Sakelar 1 Tombol 2 Arah (Ma tt Champagne)
334,Sakelar 1 Tombol 2 Arah (Me tal Black)
335,Sakelar 1 Tombol 2 Arah (Na tural Champagne)
336,Sakelar 1 Tombol 2 Arah (S moky Grey)
337,Sakelar 1 Tombol 2 Arah De ngan Strip
338,Sakelar 1 Tombol 2 Arah De ngan Strip(Graphite Black)
339,Sakelar 1 Tombol 2 Arah De ngan Strip(Matt Champagne)
340,Sakelar 1 Tombol 2 Arah De ngan Strip(Smoky Grey)
341,Sakelar 1 Tombol Intermedi ate(Metal Black)
342,Sakelar 1 Tombol Intermedi ate(Smoky Grey)
343,Sakelar 1 Tombol Intermedia te
344,Sakelar 1 Tombol Intermedia te (Graphite Black)
345,Sakelar 1 Tombol Intermedia te (Matt Champagne)
346,Sakelar 1 Tombol Intermedia te (Metal Black)
347,Sakelar 1 Tombol Intermedia te (Smoky Grey)
348,Sakelar 1 Tombol Intermedia te(Graphite Black)
349,Sakelar 1 Tombol Peredup Pi ntar
350,Sakelar 1 Tombol Peredup Pi ntar (GEM)(Diamond Grey)
351,Sakelar 1 Tombol Peredup Pi ntar (Metal)(Brushed Grey)
352,Sakelar 1 Tombol Peredup Pi ntar(Graphite Black)
353,Sakelar 1 Tombol Peredup Pi ntar(Smoky Grey)
354,Sakelar 1 Tombol Pintar
355,Sakelar 1 Tombol Pintar (Gra phite Black)
356,Sakelar 1 Tombol Pintar (Sm oky Grey)
357,Sakelar 1 Tombol Skenario Pi ntar
358,Sakelar 1 Tombol Skenario Pi ntar(Graphite Black)
359,Sakelar 1 Tombol Skenario Pi ntar(Smoky Grey)
360,Sakelar 1 Tombol Tirai Pintar (GEM)(Diamond Grey)
361,Sakelar 2 Tombol 1 Arah
362,Sakelar 2 Tombol 1 Arah (Gr aphite Black)
363,Sakelar 2 Tombol 1 Arah (Ma tt Champagne)
364,Sakelar 2 Tombol 1 Arah (Me tal Black)
365,Sakelar 2 Tombol 1 Arah (Na tural Champagne)
366,Sakelar 2 Tombol 1 Arah (S moky Grey)
367,Sakelar 2 Tombol 1 Arah De ngan Strip
368,Sakelar 2 Tombol 1 Arah De ngan Strip(Graphite Black)
369,Sakelar 2 Tombol 1 Arah De ngan Strip(Matt Champagne)
370,Sakelar 2 Tombol 1 Arah De ngan Strip(Smoky Grey)
371,Sakelar 2 Tombol 2 Arah
372,Sakelar 2 Tombol 2 Arah (Gr aphite Black)
373,Sakelar 2 Tombol 2 Arah (Ma tt Champagne)
374,Sakelar 2 Tombol 2 Arah (Me tal Black)
375,Sakelar 2 Tombol 2 Arah (Na tural Champagne)
376,Sakelar 2 Tombol 2 Arah (S moky Grey)
377,Sakelar 2 Tombol 2 Arah De ngan DND & MUR(Graphite B lack)
378,Sakelar 2 Tombol 2 Arah De ngan Strip
379,Sakelar 2 Tombol 2 Arah De ngan Strip(Graphite Black)
380,Sakelar 2 Tombol 2 Arah De ngan Strip(Matt Champagne)
381,Sakelar 2 Tombol 2 Arah De ngan Strip(Smoky Grey)
382,Sakelar 2 Tombol 2 Arah den gan DND & MUR
383,Sakelar 2 Tombol Intermedia te
384,Sakelar 2 Tombol Peredup Pi ntar
385,Sakelar 2 Tombol Peredup Pi ntar(Graphite Black)
386,Sakelar 2 Tombol Peredup Pi ntar(Smoky Grey)
387,Sakelar 2 Tombol Pintar
388,Sakelar 2 Tombol Pintar (Dar k Black)
389,Sakelar 2 Tombol Pintar (Gr aphite Black)
390,Sakelar 2 Tombol Pintar (Gra phite Black)
391,Sakelar 2 Tombol Pintar (Sm oky Grey)
392,Sakelar 2 Tombol Skenario Pi ntar
393,Sakelar 2 Tombol Skenario Pi ntar(Graphite Black)
394,Sakelar 2 Tombol Skenario Pi ntar(Smoky Grey)
395,Sakelar 2 Tombol Tirai Pintar
396,Sakelar 2 Tombol Tirai Pintar (GEM)(Diamond Grey)
397,Sakelar 2 Tombol Tirai Pintar (Graphite Black)
398,Sakelar 2 Tombol Tirai Pintar (Smoky Grey)
399,Sakelar 2-Tombol Intermediate
400,Sakelar 2-Tombol Intermediate(Graphit e Black)
401,Sakelar 2-Tombol Intermediate(Smoky Grey)
402,Sakelar 3 Tombol 1 Arah
403,Sakelar 3 Tombol 1 Arah (Gr aphite Black)
404,Sakelar 3 Tombol 1 Arah (Ma tt Champagne)
405,Sakelar 3 Tombol 1 Arah (Me tal Black)
406,Sakelar 3 Tombol 1 Arah (Na tural Champagne)
407,Sakelar 3 Tombol 1 Arah (S moky Grey)
408,Sakelar 3 Tombol 1 Arah De ngan Strip
409,Sakelar 3 Tombol 1 Arah De ngan Strip(Graphite Black)
410,Sakelar 3 Tombol 1 Arah De ngan Strip(Matt Champagne)
411,Sakelar 3 Tombol 1 Arah De ngan Strip(Smoky Grey)
412,Sakelar 3 Tombol 2 Arah
413,Sakelar 3 Tombol 2 Arah (Gr aphite Black)
414,Sakelar 3 Tombol 2 Arah (Ma tt Champagne)
415,Sakelar 3 Tombol 2 Arah (Me tal Black)
416,Sakelar 3 Tombol 2 Arah (Na tural Champagne)
417,Sakelar 3 Tombol 2 Arah (S moky Grey)
418,Sakelar 3 Tombol 2 Arah De ngan Strip
419,Sakelar 3 Tombol Pintar
420,Sakelar 3 Tombol Pintar (Dar k Black)
421,Sakelar 3 Tombol Pintar (Gra phite Black)
422,Sakelar 3 Tombol Pintar (Mat t Champagne)
423,Sakelar 3 Tombol Pintar (Sm oky Grey)
424,Sakelar 3 Tombol Skenario Pi ntar
425,Sakelar 3 Tombol Skenario Pi ntar(Smoky Grey)
426,Sakelar 4 Tombol 1 Arah
427,Sakelar 4 Tombol 1 Arah (Gr aphite Black)
428,Sakelar 4 Tombol 1 Arah (Ma tt Champagne)
429,Sakelar 4 Tombol 1 Arah (Me tal Black)
430,Sakelar 4 Tombol 1 Arah (Na tural Champagne)
431,Sakelar 4 Tombol 1 Arah (S moky Grey)
432,Sakelar 4 Tombol 1 Arah De ngan Strip
433,Sakelar 4 Tombol 1 Arah De ngan Strip(Graphite Black)
434,Sakelar 4 Tombol 1 Arah De ngan Strip(Matt Champagne)
435,Sakelar 4 Tombol 1 Arah De ngan Strip(Smoky Grey)
436,Sakelar 4 Tombol 2 Arah (Gr aphite Black)
437,Sakelar 4 Tombol 2 Arah (Me tal Black)
438,Sakelar 4 Tombol 2 Arah (Na tural Champagne)
439,Sakelar 4 Tombol 2 Arah (S moky Grey)
440,Sakelar 4 Tombol 2 Arah De ngan Strip
441,Sakelar 4 Tombol Pintar
442,Sakelar 4 Tombol Pintar (Gra phite Black)
443,Sakelar 4 Tombol Pintar (Sm oky Grey)
444,Sakelar 4 Tombol Skenario Pi ntar
445,Sakelar 4 Tombol Skenario Pi ntar(Smoky Grey)
446,Sakelar 4 Tombol Skenario Pintar(Graphite Black)
447,Sakelar Bell
448,Sakelar Bell (GEM)
449,Sakelar Bell (Graphite Black)
450,Sakelar Bell (Metal Black)
451,Sakelar Bell (Natural Champa gne)
452,Sakelar Ganda Euro-US Dengan Type A+C(20W)(Smoky Grey)
453,Sakelar Kartu Akses
454,Sakelar Kartu Akses (Matt Ch ampagne)
455,Sakelar Kartu Akses Dengan RFID
456,Sakelar Kartu Akses Dengan RFID(Smoky Grey)
457,Sakelar Pengatur Kipas Angi n 200W
458,Sakelar Pengatur Kipas Angi n 200W (Graphite Black)
459,Sakelar Pengatur Kipas Angi n 200W (Metal Black)
460,Sakelar Pengatur Kipas Angi n 200W (Smoky Grey)
461,Sakelar Pengatur Kipas Angi n 200W(Graphite Black)
462,Sakelar Pengatur Kipas Angi n 200W(Matt Champagne)
463,Sakelar Pengatur Kipas Angi n 200W(Metal Black)
464,Sakelar Pengatur Kipas Angi n 200W(Natural Champagne)
465,Sakelar Pengatur Kipas Angi n 200W(Smoky Grey)
466,Sakelar Peredup Lampu (Di mmer) 200W(Smoky Grey)
467,Sakelar Peredup Lampu (Dim mer) 200W
468,Sakelar Peredup Lampu (Dim mer) 200W(Graphite Black)
469,Sakelar Peredup Lampu (Dim mer) 200W(Matt Champagne)
470,Sakelar Peredup Lampu (Dim mer) 200W(Metal Black)
471,Sakelar Peredup Lampu (Dim mer) 200W(Smoky Grey)
472,Sakelar Pintar 1 Tombol (20 A)
473,Sakelar Pintar 1 Tombol (20 A)(Graphite Black)
474,Sakelar Pintar 1 Tombol (20 A)(Matt Champagne)
475,Sakelar Pintar 1 Tombol (20 A)(Smoky Grey)
476,Sakelar Pintar 1 Tombol (GE M)
477,Sakelar Pintar 1 Tombol (GE M)(Diamond Grey)
478,Sakelar Pintar 1 Tombol (Met al)
479,Sakelar Pintar 1 Tombol (Sm oky Grey)
480,Sakelar Pintar 2 Tombol (GE M)
481,Sakelar Pintar 2 Tombol (GE M)(Diamond Grey)
482,Sakelar Pintar 2 Tombol (Met al)
483,Sakelar Pintar 2 Tombol (Sm oky Grey)
484,Sakelar Pintar 3 Tombol
485,Sakelar Pintar 3 Tombol (GE M)
486,Sakelar Pintar 3 Tombol (GE M)(Diamond Grey)
487,Sakelar Pintar 4 Tombol (GE M)(Diamond Grey)
488,Sakelar Pintar 4 Tombol (Gra phite Black)
489,Sakelar Pintar 4 Tombol (Sm oky Grey)
490,Sakelar Pintar Skenario 1 To mbol (Metal)
491,Sakelar Pintar Skenario 1 To mbol(Smoky Grey)
492,Sakelar Pintar Skenario 2 To mbol (GEM)
493,Sakelar Pintar Skenario 2 To mbol (GEM)(Diamond Grey)
494,Sakelar Pintar Skenario 4 To mbol
495,Sakelar Pintar Skenario 4 To mbol (GEM)(Diamond Grey)
496,Sakelar Pintar Skenario 4 To mbol (Metal)
497,Sakelar Pintar Skenario 4 To mbol(Graphite Black)
498,Sakelar Pintar Skenario 4 To mbol(Smoky Grey)
499,Sakelar Pintar Skenario 8 To mbol (GEM)(Diamond Grey)
500,Sakelar Pintar Skenario 8 To mbol (Metal)(Brushed Grey)
501,Sakelar Tekan (momentary) 1 Gang
502,Sakelar Tekan (momentary) 1 Gang(Metal Black)
503,Sakelar Tekan (momentary) 1 Gang(Smoky Grey)
504,Sakelar Tekan (momentary) 2 Gang
505,Sakelar Tekan (momentary) 2 Gang(Graphite Black)
506,Sakelar Tekan (momentary) 2 Gang(Smoky Grey)
507,Sakelar Tekan (momentary) 3 Gang
508,Sakelar Tekan (momentary) 3 Gang(Graphite Black)
509,Sakelar Tekan (momentary) 4 Gang(Graphite Black)
510,Sakelar Tekan 1 Tombol Den gan Strip
511,Saklar 1 Gang Dimming Terp isah 0-10V(Smoky Grey)
512,Saklar 1-Tombol 1-Arah
513,Saklar 1-Tombol 1-Arah (Coffee Black)
514,Saklar 1-Tombol 1-Arah (GEM)
515,Saklar 1-Tombol 1-Arah (GEM)(Diamond Grey)
516,Saklar 1-Tombol 1-Arah (Graphite Black)
517,Saklar 1-Tombol 1-Arah (Matt Champagne)
518,Saklar 1-Tombol 1-Arah (Metal)
519,Saklar 1-Tombol 1-Arah (Metal)(Brushed Grey)
520,Saklar 1-Tombol 1-Arah (Metal)(Satin Gold)
521,Saklar 1-Tombol 1-Arah (Platinum Grey)
522,Saklar 1-Tombol 1-Arah (Smoky Grey)
523,Saklar 1-tombol 1-arah Dengan Indicator LED
524,Saklar 1-tombol 1-arah dengan indicator LED
525,Saklar 1-Tombol 2-Arah
526,Saklar 1-Tombol 2-Arah (GEM)
527,Saklar 1-Tombol 2-Arah (GEM)(Diamond Grey)
528,Saklar 1-Tombol 2-Arah (Graphite Black)
529,Saklar 1-Tombol 2-Arah (Metal)
530,Saklar 1-Tombol 2-Arah (Metal)(Brushed Grey)
531,Saklar 1-Tombol 2-Arah (Metal)(Satin Gold)
532,Saklar 1-Tombol 2-Arah (Platinum Grey)
533,Saklar 1-Tombol 2-Arah (Smoky Grey)
534,Saklar 1-tombol 2-arah Dengan Indicator LED(Graphite Black)
535,Saklar 1-tombol 2-arah dengan indicator LED(Smoky Grey)
536,Saklar 1-Tombol Intermediate
537,Saklar 1-Tombol Intermediate(Graphit e Black)
538,Saklar 2 Gang Dimming Terp isah 0-10V
539,Saklar 2 Gang Dimming Terp isah 0-10V(Smoky Grey)
540,Saklar 2 tombol Data Outlet
541,Saklar 2 tombol Data Outlet(Smoky Grey)
542,Saklar 2-Tombol 1-Arah
543,Saklar 2-Tombol 1-Arah (Coffee Black)
544,Saklar 2-Tombol 1-Arah (GEM)
545,Saklar 2-Tombol 1-Arah (GEM)(Diamond Grey)
546,Saklar 2-Tombol 1-Arah (Graphite Black)
547,Saklar 2-Tombol 1-Arah (Metal)
548,Saklar 2-Tombol 1-Arah (Metal)(Brushed Grey)
549,Saklar 2-Tombol 1-Arah (Metal)(Satin Gold)
550,Saklar 2-Tombol 1-Arah (Platinum Grey)
551,Saklar 2-Tombol 1-Arah (Smoky Grey)
552,Saklar 2-tombol 1-arah Dengan Indicator LED
553,Saklar 2-tombol 1-arah dengan indicator LED
554,Saklar 2-tombol 1-arah Dengan Indicator LED(Graphite Black)
555,Saklar 2-tombol 1-arah Dengan Indicator LED(Smoky Grey)
556,Saklar 2-Tombol 2-Arah
557,Saklar 2-Tombol 2-Arah (GEM)
558,Saklar 2-Tombol 2-Arah (GEM)(Diamond Grey)
559,Saklar 2-Tombol 2-Arah (GEM)(Diamond White)
560,Saklar 2-Tombol 2-Arah (Graphite Black)
561,Saklar 2-Tombol 2-Arah (Metal)
562,Saklar 2-Tombol 2-Arah (Metal)(Brushed Grey)
563,Saklar 2-Tombol 2-Arah (Platinum Grey)
564,Saklar 2-Tombol 2-Arah (Smoky Grey)
565,Saklar 2-tombol 2-arah dengan indicator LED
566,Saklar 2-tombol 2-arah Dengan Indicator LED(Graphite Black)
567,Saklar 2-tombol 2-arah dengan indicator LED(Smoky Grey)
568,Saklar 3-Tombol 1-Arah
569,Saklar 3-Tombol 1-Arah (Coffee Black)
570,Saklar 3-Tombol 1-Arah (GEM)
571,Saklar 3-Tombol 1-Arah (GEM)(Diamond Grey)
572,Saklar 3-Tombol 1-Arah (Graphite Black)
573,Saklar 3-Tombol 1-Arah (Matt Champagne)
574,Saklar 3-Tombol 1-Arah (Metal)
575,Saklar 3-Tombol 1-Arah (Metal)(Brushed Grey)
576,Saklar 3-Tombol 1-Arah (Metal)(Satin Gold)
577,Saklar 3-Tombol 1-Arah (Smoky Grey)
578,Saklar 3-tombol 1-arah Dengan Indicator LED
579,Saklar 3-tombol 1-arah Dengan Indicator LED(Graphite Black)
580,Saklar 3-tombol 1-arah dengan indicator LED(M att Champagne)
581,Saklar 3-Tombol 2-Arah
582,Saklar 3-Tombol 2-Arah (GEM)
583,Saklar 3-Tombol 2-Arah (GEM)(Diamond Grey)
584,Saklar 3-Tombol 2-Arah (Graphite Black)
585,Saklar 3-Tombol 2-Arah (Smoky Grey)
586,Saklar 4-Tombol 1-Arah
587,Saklar 4-Tombol 1-Arah (Coffee Black)
588,Saklar 4-Tombol 1-Arah (Graphite Black)
589,Saklar 4-Tombol 1-Arah (Metal)
590,Saklar 4-Tombol 1-Arah (Metal)(Brushed Grey)
591,Saklar 4-Tombol 1-Arah (Metal)(Satin Gold)
592,Saklar 4-Tombol 1-Arah (Smoky Grey)
593,Saklar 4-tombol 1-arah Dengan Indicator LED
594,Saklar 4-Tombol 2-Arah
595,Saklar 4-Tombol 2-Arah (GEM)
596,Saklar 4-Tombol 2-Arah (Matt Champagne)
597,Saklar 4-Tombol 2-Arah (Smoky Grey)
598,Saklar Bel 1-Tombol (Graphite Black)
599,Saklar Bel 1-Tombol (Smoky Grey)
600,Saklar Bell Dengan Indikator DND MUR
601,Saklar Bell dengan indikator DND MUR
602,Saklar Bell Dengan Indikator DND MUR(Matt Champagne)
603,Saklar Bell Dengan Indikator DND MUR(Smoky Grey)
604,Saklar ELV Lampu Latar Gan da 6 Tombol (Kontak kering)
605,Saklar Peredup Zigbee 1 To mbol (RCU nirkabel)
606,Saklar Peredup Zigbee 1 To mbol (RCU nirkabel) (Matt C hampagne)
607,Saklar Peredup Zigbee 2 To mbol (RCU nirkabel)
608,Saklar Peredup Zigbee 2 To mbol (RCU nirkabel) (Matt C hampagne)
609,Saklar Pintar Multifungsi 4 T ombol(2 skenario+2 saklar)
610,Saklar Zigbee 1 Tombol
611,Saklar Zigbee 1 Tombol (Mat t Champagne)
612,Schuko Socket (Coffee Black)
613,Schuko Socket Module
614,Schuko socket-Round-GR
615,Schuko socket-Round-WH
616,SFL39 LED Floodlight Solar E q100W 6500K
617,SFL39 LED Floodlight Solar E q50W 6500K
618,Simon Smart Lock LK33
619,Simpad plus (Alexa speaker)
620,"Smart breaker(simon smart, Zigbee,16A)"
621,Smart Breaker(ZigBee)
622,Smart cam 20
623,Smart cam 30
624,Smart Door and Window Sen sor (Zigbee)
625,Smart Doorbell(Wifi)
626,Smart human presence sens or(ZigBee)
627,Smart Infrared Remote Cont roller (Wifi)
628,Smart LT30 24V TunableWH TRK Adjust GridSpotlight10W 24°BK
629,Smart LT30 24V TunableWH TRK Spotlight 6W36°BK
630,Smart MT36 48V Adjust Grid Spotlight12W24D BK
631,Smart MT36 48V Linear Light 12W BK
632,Smart MT36 48V Spotlight 1 0W24D BK
633,Smart MT36 48V TRK Penda nt 10W36D BK
634,smart multi-functional control panel
635,Smart PIR Motion Sensor (Zi gbee)
636,Smart RF Infrared Remote C ontroller
637,Smart RGB+Tunable CCT bul b A60 8.5W WIIFI
638,Smart Temperature and Hu midity Sensor (Zigbee)
639,Smart Zigbee Gateway (LAN)
640,Smart Zigbee Gateway (Wifi)
641,SMB65C-63 MCB 6kA 1P C10
642,SMB65C-63 MCB 6kA 1P C16
643,SMB65C-63 MCB 6kA 1P C2
644,SMB65C-63 MCB 6kA 1P C4
645,SMB65C-63 MCB 6kA 1P C50
646,SMB65C-63 MCB 6kA 1P C6
647,SMB65C-63 MCB 6kA 1P C63
648,SMB65C-63 MCB 6kA 2P C6
649,SMB65C-63 MCB 6kA 3P C10
650,SMB65C-63 MCB 6kA 3P C16
651,SMB65C-63 MCB 6kA 3P C20
652,SMB65C-63 MCB 6kA 3P C25
653,SMB65C-63 MCB 6kA 3P C32
654,SMB65C-63 MCB 6kA 3P C50
655,SMB65C-63 MCB 6kA 3P C6
656,Socket Waterproof Cover
657,SRD29 LED streetlight Solar Eq100W 6500K
658,SS22 COB 24V Strip 10W/M-5M 320L 8mm 3000K
659,SS22 COB 24V Strip 10W/M-5M 320L 8mm 4000K
660,SS22 COB 24V Strip 5W/M 3 20L 8mm 3000K
661,SS22 COB HV Strip 14W/M-50M 288L8mm 3000K
662,SS22 COB HV Strip 14W/M-50M 288L8mm 4000K
663,SS22 COB HV Strip 14W/M-50M 288L8mm 6500K
664,SS22 COB Strip 24V 256L 8m m 10W3000K IP20 5M
665,SS22 COB Strip Accessory Kit (With EU plug)
666,SS22 Strip 24V 60L 8mm 8W 2700K IP20 5M
667,Stop Kontak 13A dengan Sak elar
668,Stop Kontak 13A dengan Sak elar(Smoky Grey)
669,Stop Kontak Multi Standar D engan USB Ganda
670,Stop Kontak Multi Standar D engan USB Ganda(Graphite Black)
671,Stop kontak multi standar de ngan USB ganda
672,Stop kontak multi standar de ngan USB ganda(Smoky Gre y)
673,Stop Kontak Multi-standar
674,Stop Kontak Multi-standar (GEM)
675,Stop Kontak Multi-standar (GEM)(Diamond Gre y)
676,Stop Kontak Multi-standar (Metal)(Brushed Gre y)
677,Stop Kontak Multi-standar (Platinum Grey)
678,Stop Kontak Multi-standard Dan Stop Kontak 2 Pin
679,Stop Kontak Multi-standard dan Stop Kontak 2 Pin
680,Stop Kontak Multi-standard Dan Stop Kontak 2 Pin(Graphite Black)
681,Stop Kontak Multi-standard Dan Stop Kontak 2 Pin(Matt Champagne)
682,Stop Kontak Multi-standard Dan Stop Kontak 2 Pin(Metal Black)
683,Stop Kontak Multi-standard Dan Stop Kontak 2 Pin(Smoky Grey)
684,Stop Kontak Multi-standard dan Stop Kontak 2 Pin(Smoky Grey)
685,Stop Kontak Multi-standard dengan Sakelar
686,Stop Kontak Multi-standard Dengan Sakelar(Gr aphite Black)
687,Stop Kontak Multi-standard dengan Sakelar(Ma tt Champagne)
688,Stop Kontak Multistandard d engan Pengisi Daya USB(Mat t Champagne)
689,Stop Kontak Multistandard D engan USB A+C
690,Stop Kontak Multistandard D engan USB A+C (GEM)
691,Stop Kontak Multistandard D engan USB A+C (GEM)(Diam ond Grey)
692,Stop Kontak Multistandard D engan USB A+C (Metal)(Brus hed Grey)
693,Stop Kontak Multistandard D engan USB A+C (Metal)(Fros ted Silver)
694,Stop Kontak Multistandard D engan USB A+C(Graphite Bla ck)
695,Stop Kontak Multistandard D engan USB A+C(Matt Champ agne)
696,Stop Kontak Multistandard D engan USB A+C(Metal Black)
697,Stop Kontak Multistandard D engan USB A+C(Natural Cha mpagne)
698,Stop Kontak Multistandard D engan USB A+C(Platinum Gr ey)
699,Stop Kontak Multistandard D engan USB A+C(Smoky Grey)
700,Stop Kontak Saklar
701,Stop Kontak Saklar (GEM)(Di amond Grey)
702,Stop Kontak Saklar (Graphite Black)
703,Stop Kontak Saklar (Metal Bl ack)
704,Stop Kontak Saklar (Metal)(B rushed Grey)
705,Stop Kontak Saklar (Smoky Grey)
706,Stop Kontak Saklar Internasi onal 10A
707,Stop Kontak Saklar Internasi onal 10A(Graphite Black)
708,Stop Kontak Saklar Internasi onal 10A(Matt Champagne)
709,Stop Kontak Saklar Internasi onal 10A(Metal Black)
710,Stop Kontak Saklar Internasi onal 10A(Natural Champagn e)
711,Stop Kontak Saklar Internasi onal 10A(Smoky Grey)
712,Stop Kontak Schuko Dengan Tipe A+C
713,Stop Kontak Schuko Dengan Tipe A+C (GEM)
714,Stop Kontak Schuko Dengan Tipe A+C (GEM)(Diamond Gr ey)
715,Stop Kontak Schuko Dengan Tipe A+C (GEM)(Diamond Sil ver)
716,Stop Kontak Schuko Dengan Tipe A+C (GEM)(Diamond W hite)
717,Stop Kontak Schuko Dengan Tipe A+C (Metal)(Brushed Gr ey)
718,Stop Kontak Tipe Schuko
719,Stop Kontak tipe Schuko
720,Stop Kontak Tipe Schuko (G EM)
721,Stop Kontak Tipe Schuko (G EM)(Diamond Grey)
722,Stop Kontak Tipe Schuko (Gr aphite Black)
723,Stop Kontak tipe Schuko (Gr aphite Black)
724,Stop Kontak Tipe Schuko (M att Champagne)
725,Stop Kontak Tipe Schuko (M etal Black)
726,Stop Kontak Tipe Schuko (M etal)
727,Stop Kontak Tipe Schuko (M etal)(Brushed Grey)
728,Stop Kontak Tipe Schuko (M etal)(Satin Gold)
729,Stop Kontak tipe Schuko (Ma tt Champagne)
730,Stop Kontak Tipe Schuko (N atural Champagne)
731,Stop Kontak Tipe Schuko (Pl atinum Grey)
732,Stop Kontak Tipe Schuko (S moky Grey)
733,Stop Kontak tipe Schuko (Sm oky Grey)
734,Stop Kontak TV dengan Kon ektor Tipe F
735,Stop Kontak Universal Denga n Sakelar
736,Stop kontak universal denga n sakelar
737,Stop Kontak Universal Denga n Sakelar (GEM)(Diamond Gr ey)
738,Stop Kontak Universal Denga n Sakelar (Metal)
739,Stop Kontak Universal Denga n Sakelar(Graphite Black)
740,Stop Kontak Universal Denga n Sakelar(Matt Champagne)
741,Stop Kontak Universal Denga n Sakelar(Metal Black)
742,Stop Kontak Universal Denga n Sakelar(Natural Champagn e)
743,Stop Kontak Universal Denga n Sakelar(Platinum Grey)
744,Stop Kontak Universal Denga n Sakelar(Smoky Grey)
745,Stop Kontak USB type A+C (30W)(Natural Champagne)
746,Surface Mounting Box
747,Surface-mounted Power track-0.6m-Black
748,Surface-mounted-Power track-0.8m-Black
749,Telepon dan Data Outlet
750,Telepon dan Data Outlet(Sm oky Grey)
751,Twin BS Switched Socket(Gr aphite Black)
752,Twin data outlet module(26-Graphite Black)
753,Twin USB Socket with Switch (Coffee Black)
754,USB Outlet-Round-BK(DC5V2.1A)
755,Valor LED A60 11W 3000K
756,Valor LED A60 13W 3000K
757,Valor LED A60 7W 3000K
758,Valor LED A60 9W 3000K
759,Valor LED A70 15W 3000K
760,Valor LED A70 15W 6500K
761,Valor LED DL 12W R125 300 0K
762,Valor LED DL 12W R125 400 0K
763,Valor LED DL 12W R125 650 0K
764,Valor LED DL 12W R150 300 0K
765,Valor LED DL 12W R150 400 0K
766,Valor LED DL 12W R150 650 0K
767,Valor LED DL 12W R150 650 0K 4-pack
768,Valor LED DL 16W R150 300 0K-4000K-6500K
769,Valor LED DL 17W R150 300 0K
770,Valor LED DL 17W R150 650 0K
771,Valor LED DL 17W R150 650 0K 4-pack
772,Valor LED DL 20W R175 300 0K
773,Valor LED DL 20W R175 400 0K
774,Valor LED DL 20W R175 650 0K
775,Valor LED DL 24W R200 300 0K
776,Valor LED DL 4W R75 3000K
777,Valor LED DL 4W R75 4000K
778,Valor LED DL 4W R75 6500K
779,Valor LED DL 8W R100 3000 K
780,Valor LED DL 8W R100 4000 K
781,Valor LED DL 8W R100 6500 K
782,Valor LED DL 8W R100 6500 K 4-pack
783,Valor LED DL surface mounti ng accessory 17W
784,Valor LED G45 3W 3000K
785,Valor LED square DL 12W S1 50 6500K
786,Valor LED square DL 17W S1 50 3000K
787,Valor LED square DL 24W S2 00 4000K
788,Valor LED square DL 24W S2 00 6500K
789,Valor LED square DL 8W S10 0 6500K
790,Valor LED T100 30W 6500K
791,Valor LED T120 40W 6500K
792,Valor LED T140 50W 6500K
793,Valor LED T45 10W 3000K
794,Valor LED T80 20W 6500K
795,Vibration sensor
796,Wall-mounted-Power track-0.8m-Black
797,Wall-mounted-Power track-1m-Black
798,WiFi Router+USB+ Type C(S moky Grey)
799,Zigbee to 0-10V converter with Zigbee m odule
